Key,Parameter,ja-jp,en-us,zh-cn,zh-tw,ko-kr,es-es,ar-sa,id-id
DirectionalColorKeyEffectName,,方向色分離キー,Directional Color Key,方向色分离键控,方向色分離鍵控,방향 색 분리 키,Clave de color direccional,مفتاح اللون الاتجاهي,Kunci Warna Terarah
DirectionalColorKeyGroupName,,方向色分離キー,Directional Color Key,方向色分离键控,方向色分離鍵控,방향 색 분리 키,Clave de color direccional,مفتاح اللون الاتجاهي,Kunci Warna Terarah
DirectionalColorKeyBackgroundColorName,,背景色,Background Color,背景色,背景色,배경색,Color de fondo,لون الخلفية,Warna Latar
DirectionalColorKeyBackgroundColorDesc,,取り除く背景の色です。素材の背景の色に合わせます,Background color to remove. Match it to the background of the source,要去除的背景颜色。请与素材的背景颜色一致,要去除的背景顏色。請與素材的背景顏色一致,제거할 배경색입니다. 소재의 배경색에 맞춥니다,Color de fondo a eliminar. Ajústelo al fondo del material,لون الخلفية المراد إزالته. طابقه مع خلفية المادة,Warna latar yang dihapus. Sesuaikan dengan latar materi
DirectionalColorKeyClusterCountName,,前景層数,Foreground Layers,前景层数,前景層數,전경 레이어 수,Capas de primer plano,عدد طبقات المقدمة,Jumlah Lapisan Depan
DirectionalColorKeyClusterCountDesc,,変位の方向が似た画素をまとめる前景層の数です,Number of foreground layers that group pixels with similar displacement directions,将位移方向相近的像素归为一组的前景层数量,將位移方向相近的像素歸為一組的前景層數量,변위 방향이 비슷한 픽셀을 묶는 전경 레이어의 수입니다,Número de capas de primer plano que agrupan píxeles con direcciones de desplazamiento similares,عدد طبقات المقدمة التي تجمع البكسلات ذات اتجاهات الإزاحة المتشابهة,Jumlah lapisan depan yang mengelompokkan piksel dengan arah perpindahan serupa
DirectionalColorKeyScaleModeName,,スケール決定,Scale Mode,缩放方式,縮放方式,스케일 결정,Modo de escala,وضع المقياس,Mode Skala
DirectionalColorKeyScaleModeDesc,,スケールの決め方を選びます。スケールは、変位がどれだけ伸びれば不透明とみなすかを表す長さです,Selects how the scale is determined. The scale is the displacement length treated as opaque,选择缩放的确定方式。缩放是视为不透明的位移长度,選擇縮放的決定方式。縮放是視為不透明的位移長度,스케일을 정하는 방식을 선택합니다. 스케일은 불투명으로 간주하는 변위의 길이입니다,Selecciona cómo se determina la escala. La escala es la longitud de desplazamiento que se considera opaca,يحدد طريقة تعيين المقياس. المقياس هو طول الإزاحة الذي يُعد معتمًا,Memilih cara menentukan skala. Skala adalah panjang perpindahan yang dianggap buram
DirectionalColorKeyScaleModePhysicalName,,物理境界,Physical Bound,物理边界,物理邊界,물리 경계,Límite físico,الحد الفيزيائي,Batas Fisik
DirectionalColorKeyScaleModePhysicalDesc,,sRGBで表せる色の範囲の端までの距離をスケールにします,Uses the distance to the edge of the sRGB color range as the scale,以到 sRGB 可表示颜色范围边界的距离作为缩放,以到 sRGB 可表示顏色範圍邊界的距離作為縮放,sRGB로 표현 가능한 색 범위의 경계까지의 거리를 스케일로 사용합니다,Usa como escala la distancia hasta el borde del rango de colores sRGB,يستخدم المسافة حتى حافة نطاق ألوان sRGB كمقياس,Menggunakan jarak ke tepi rentang warna sRGB sebagai skala
DirectionalColorKeyScaleModeOpaqueName,,不透明基準,Opaque Reference,不透明参考,不透明參考,불투명 기준,Referencia opaca,مرجع معتم,Referensi Buram
DirectionalColorKeyScaleModeOpaqueDesc,,射影した長さの分布から、不透明基準値の割合に達した長さをスケールにします,Uses the length at which the Opaque %ile is reached in the distribution of projected lengths as the scale,在投影长度的分布中，以达到不透明百分位比例的长度作为缩放,在投影長度的分布中，以達到不透明百分位比例的長度作為縮放,투영 길이의 분포에서 불투명 백분위 비율에 도달한 길이를 스케일로 사용합니다,Usa como escala la longitud en la que se alcanza el % opaco en la distribución de longitudes proyectadas,يستخدم كمقياس الطول الذي تبلغ عنده النسبة المعتمة في توزيع الأطوال المسقطة,Menggunakan panjang saat persentil buram tercapai dalam distribusi panjang proyeksi sebagai skala
DirectionalColorKeyScaleModeForegroundName,,前景色指定,Foreground Hint,指定前景色,指定前景色,전경색 지정,Color de primer plano,تلميح المقدمة,Petunjuk Latar Depan
DirectionalColorKeyScaleModeForegroundDesc,,前景色から背景色を引いた差の長さをスケールにします,Uses the length of the difference between the foreground color and the background color as the scale,以前景色与背景色之差的长度作为缩放,以前景色與背景色之差的長度作為縮放,전경색과 배경색의 차이의 길이를 스케일로 사용합니다,Usa como escala la longitud de la diferencia entre el color de primer plano y el color de fondo,يستخدم طول الفرق بين لون المقدمة ولون الخلفية كمقياس,Menggunakan panjang selisih antara warna latar depan dan warna latar sebagai skala
DirectionalColorKeyForegroundColorName,,前景色,Foreground Color,前景色,前景色,전경색,Color de primer plano,لون المقدمة,Warna Latar Depan
DirectionalColorKeyForegroundColorDesc,,前景色指定のときに、スケールを決めるのに使う色です,Color used to determine the scale in Foreground Hint mode,在指定前景色模式下用于确定缩放的颜色,在指定前景色模式下用於決定縮放的顏色,전경색 지정 모드에서 스케일을 정하는 데 쓰는 색입니다,Color usado para determinar la escala en el modo Color de primer plano,اللون المستخدم لتحديد المقياس في وضع تلميح المقدمة,Warna untuk menentukan skala pada mode Petunjuk Latar Depan
DirectionalColorKeyOpaquePercentileName,,不透明基準値,Opaque %ile,不透明百分位,不透明百分位,불투명 백분위,% opaco,% معتم,Persentil Buram
DirectionalColorKeyOpaquePercentileDesc,,射影した長さを短いほうから数え、スケールにする長さの割合です。下げるほど不透明になる画素が増えます,Percentage of projected lengths counted from the shortest that sets the scale. Lower values make more pixels opaque,从最短开始计数投影长度并确定缩放的比例。越低不透明的像素越多,從最短開始計數投影長度並決定縮放的比例。越低不透明的像素越多,투영 길이를 짧은 쪽부터 세어 스케일로 삼는 비율입니다. 낮출수록 불투명한 픽셀이 늘어납니다,"Porcentaje de longitudes proyectadas, contadas desde la más corta, que fija la escala. Valores más bajos vuelven opacos más píxeles",نسبة الأطوال المسقطة المعدودة من الأقصر التي تحدد المقياس. القيم الأقل تجعل مزيدًا من البكسلات معتمة,"Persentase panjang proyeksi, dihitung dari yang terpendek, yang menetapkan skala. Nilai lebih rendah membuat lebih banyak piksel buram"
DirectionalColorKeyNoiseThresholdName,,ノイズ閾値,Noise Threshold,噪声阈值,噪聲閾值,노이즈 임계값,Umbral de ruido,عتبة الضوضاء,Ambang Noise
DirectionalColorKeyNoiseThresholdDesc,,方向を持つ画素の変位の長さの下限です。この半分に満たない画素は透明になります,Lower limit of the displacement length for a pixel to have a direction. Pixels below half of it become transparent,具有方向的像素的位移长度下限。低于其一半的像素变为透明,具有方向的像素的位移長度下限。低於其一半的像素變為透明,방향을 갖는 픽셀의 변위 길이 하한입니다. 그 절반에 못 미치는 픽셀은 투명해집니다,Límite inferior de la longitud de desplazamiento para que un píxel tenga dirección. Los píxeles por debajo de la mitad se vuelven transparentes,الحد الأدنى لطول الإزاحة كي يكون للبكسل اتجاه. تصبح البكسلات الأقل من نصفه شفافة,Batas bawah panjang perpindahan agar piksel memiliki arah. Piksel di bawah setengahnya menjadi transparan
DirectionalColorKeySigmaColorName,,色シグマ,Color Sigma,颜色西格玛,顏色西格瑪,색 시그마,Sigma de color,سيجما اللون,Sigma Warna
DirectionalColorKeySigmaColorDesc,,方向場を平滑化するときに、色がどれだけ離れると重みが小さくなるかを決める幅です,Width that determines how quickly weights fall off with color difference when smoothing the direction field,平滑方向场时，决定颜色相差多少后权重减小的宽度,平滑方向場時，決定顏色相差多少後權重減小的寬度,방향장을 평활화할 때 색이 얼마나 다르면 가중치가 작아지는지를 정하는 폭입니다,Ancho que determina cuánto disminuye el peso con la diferencia de color al suavizar el campo de direcciones,العرض الذي يحدد مدى تناقص الوزن مع اختلاف اللون عند تنعيم حقل الاتجاه,Lebar yang menentukan seberapa cepat bobot turun terhadap selisih warna saat menghaluskan medan arah
DirectionalColorKeyEdgeSoftnessName,,エッジ柔らかさ,Edge Softness,边缘柔和度,邊緣柔和度,경계 부드러움,Suavidad de borde,نعومة الحافة,Kelembutan Tepi
DirectionalColorKeyEdgeSoftnessDesc,,アルファの低い側を切り捨てる割合です。上げるほど半透明の部分が削れます,Proportion of low alpha that is cut off. Higher values trim more of the semi-transparent areas,截断低 alpha 部分的比例。越高半透明部分被削减得越多,截斷低 alpha 部分的比例。越高半透明部分被削減得越多,알파의 낮은 쪽을 잘라내는 비율입니다. 높일수록 반투명 부분이 깎입니다,Proporción de alfa baja que se recorta. Valores más altos recortan más las zonas semitransparentes,نسبة قطع الجانب المنخفض من ألفا. القيم الأعلى تقتطع مزيدًا من المناطق شبه الشفافة,Proporsi alfa rendah yang dipotong. Nilai lebih tinggi memangkas lebih banyak area semi-transparan
DirectionalColorKeySpillStrengthName,,スピル除去,Spill Removal,溢色去除,溢色去除,스필 제거,Eliminación de derrame,إزالة التسرب,Penghapusan Spill
DirectionalColorKeySpillStrengthDesc,,前景の色から背景の色かぶりを取り除く割合です,Proportion of the background color cast removed from the foreground color,从前景颜色中去除背景色偏的比例,從前景顏色中去除背景色偏的比例,전경 색에서 배경색의 색 번짐을 제거하는 비율입니다,Proporción del tinte del fondo que se elimina del color de primer plano,نسبة إزالة صبغة الخلفية من لون المقدمة,Proporsi rona latar yang dihapus dari warna latar depan
DirectionalColorKeyDespillBiasName,,スピル許容,Despill Bias,溢色容差,溢色容差,스필 허용,Sesgo de derrame,انحياز إزالة التسرب,Bias Despill
DirectionalColorKeyDespillBiasDesc,,スピル除去で取り除かずに残す、背景色の色みの向きの成分の量です,Amount of the component along the background chroma direction that spill removal leaves in place,溢色去除时保留的、沿背景色色度方向的分量大小,溢色去除時保留的、沿背景色色度方向的分量大小,스필 제거에서 제거하지 않고 남기는 배경색 채도 방향 성분의 양입니다,Cantidad de la componente en la dirección de croma del fondo que la eliminación de derrame conserva,مقدار المكوّن في اتجاه لونية الخلفية الذي تُبقيه إزالة التسرب,Jumlah komponen searah kroma latar yang dipertahankan oleh penghapusan spill
DirectionalColorKeyOutputForegroundName,,前景出力,Output Foreground,输出前景,輸出前景,전경 출력,Salida de primer plano,إخراج المقدمة,Keluarkan Latar Depan
DirectionalColorKeyOutputForegroundDesc,,オフにすると、前景として残す部分を白で出力します,Turn off to output the kept foreground as white,关闭后以白色输出保留的前景,關閉後以白色輸出保留的前景,끄면 남기는 전경을 흰색으로 출력합니다,Desactívelo para mostrar en blanco el primer plano conservado,أوقفه لإخراج المقدمة المُبقاة باللون الأبيض,Matikan untuk mengeluarkan latar depan yang dipertahankan sebagai putih
UpdateAvailableMessage,,新しいバージョン {0} が公開されています。,A new version {0} is available.,新版本 {0} 已发布。,新版本 {0} 已發布。,새 버전 {0}이(가) 공개되었습니다.,La nueva versión {0} ya está disponible.,تم إصدار نسخة جديدة {0}.,Versi baru {0} telah dirilis.
